prompt,temp_object,control_signal1
"An empty scene. Suddenly, during the second second of the video, a car appears out of nowhere, drawing all attention.",car,0 0 0 0 0 1 1 1 1 1 1 1 1 1 1 1 1 1 1 1 1
"An empty scene. Suddenly, during the second second of the video, a motorcycle appears out of nowhere, drawing all attention.",motorcycle,0 0 0 0 0 1 1 1 1 1 1 1 1 1 1 1 1 1 1 1 1
"An empty scene. Suddenly, during the second second of the video, a airplane appears out of nowhere, drawing all attention.",airplane,0 0 0 0 0 1 1 1 1 1 1 1 1 1 1 1 1 1 1 1 1
"An empty scene. Suddenly, during the second second of the video, a bus appears out of nowhere, drawing all attention.",bus,0 0 0 0 0 1 1 1 1 1 1 1 1 1 1 1 1 1 1 1 1
"An empty scene. Suddenly, during the second second of the video, a train appears out of nowhere, drawing all attention.",train,0 0 0 0 0 1 1 1 1 1 1 1 1 1 1 1 1 1 1 1 1
"An empty scene. Suddenly, during the third second of the video, a zebra appears out of nowhere, drawing all attention.",zebra,0 0 0 0 0 0 0 0 0 1 1 1 1 1 1 1 1 1 1 1 1
"An empty scene. Suddenly, during the third second of the video, a giraffe appears out of nowhere, drawing all attention.",giraffe,0 0 0 0 0 0 0 0 0 1 1 1 1 1 1 1 1 1 1 1 1
"An empty scene. Suddenly, during the third second of the video, a backpack appears out of nowhere, drawing all attention.",backpack,0 0 0 0 0 0 0 0 0 1 1 1 1 1 1 1 1 1 1 1 1
"An empty scene. Suddenly, during the third second of the video, a umbrella appears out of nowhere, drawing all attention.",umbrella,0 0 0 0 0 0 0 0 0 1 1 1 1 1 1 1 1 1 1 1 1
"An empty scene. Suddenly, during the third second of the video, a handbag appears out of nowhere, drawing all attention.",handbag,0 0 0 0 0 0 0 0 0 1 1 1 1 1 1 1 1 1 1 1 1
"An empty scene. Suddenly, during the fourth second of the video, a fork appears out of nowhere, drawing all attention.",fork,0 0 0 0 0 0 0 0 0 0 0 0 0 1 1 1 1 1 1 1 1
"An empty scene. Suddenly, during the fourth second of the video, a knife appears out of nowhere, drawing all attention.",knife,0 0 0 0 0 0 0 0 0 0 0 0 0 1 1 1 1 1 1 1 1
"An empty scene. Suddenly, during the fourth second of the video, a spoon appears out of nowhere, drawing all attention.",spoon,0 0 0 0 0 0 0 0 0 0 0 0 0 1 1 1 1 1 1 1 1
"An empty scene. Suddenly, during the fourth second of the video, a bowl appears out of nowhere, drawing all attention.",bowl,0 0 0 0 0 0 0 0 0 0 0 0 0 1 1 1 1 1 1 1 1
"An empty scene. Suddenly, during the fourth second of the video, a banana appears out of nowhere, drawing all attention.",banana,0 0 0 0 0 0 0 0 0 0 0 0 0 1 1 1 1 1 1 1 1
"An empty scene. Suddenly, during the last second of the video, a tv appears out of nowhere, drawing all attention.",tv,0 0 0 0 0 0 0 0 0 0 0 0 0 0 0 0 0 1 1 1 1
"An empty scene. Suddenly, during the last second of the video, a laptop appears out of nowhere, drawing all attention.",laptop,0 0 0 0 0 0 0 0 0 0 0 0 0 0 0 0 0 1 1 1 1
"An empty scene. Suddenly, during the last second of the video, a mouse appears out of nowhere, drawing all attention.",mouse,0 0 0 0 0 0 0 0 0 0 0 0 0 0 0 0 0 1 1 1 1
"An empty scene. Suddenly, during the last second of the video, a remote appears out of nowhere, drawing all attention.",remote,0 0 0 0 0 0 0 0 0 0 0 0 0 0 0 0 0 1 1 1 1
"An empty scene. Suddenly, during the last second of the video, a keyboard appears out of nowhere, drawing all attention.",keyboard,0 0 0 0 0 0 0 0 0 0 0 0 0 0 0 0 0 1 1 1 1
