timestamp,clocks_sm_mhz,clocks_mem_mhz,power_w,temp_c
2026/09/13 20:39:51.513, 210, 1215, 53.48, 27
2026/09/13 20:39:52.544, 210, 1215, 53.48, 27
2026/09/13 20:39:53.572, 210, 1215, 53.48, 27
2026/09/13 20:39:54.600, 210, 1215, 53.48, 27
2026/09/13 20:39:55.628, 210, 1215, 53.48, 27
2026/09/13 20:39:56.660, 210, 1215, 53.48, 27
2026/09/13 20:39:57.688, 210, 1215, 53.48, 26
2026/09/13 20:39:58.717, 210, 1215, 53.48, 26
2026/09/13 20:39:59.746, 210, 1215, 53.48, 26
2026/09/13 20:40:00.774, 210, 1215, 53.53, 26
2026/09/13 20:40:01.802, 210, 1215, 53.48, 26
2026/09/13 20:40:02.831, 210, 1215, 53.48, 26
2026/09/13 20:40:03.863, 210, 1215, 53.48, 26
2026/09/13 20:40:04.892, 210, 1215, 53.48, 26
2026/09/13 20:40:05.919, 210, 1215, 53.48, 26
2026/09/13 20:40:06.949, 210, 1215, 53.48, 26
2026/09/13 20:40:07.978, 210, 1215, 53.48, 26
2026/09/13 20:40:09.009, 210, 1215, 53.48, 26
2026/09/13 20:40:10.037, 210, 1215, 53.53, 26
2026/09/13 20:40:11.068, 210, 1215, 53.48, 26
2026/09/13 20:40:12.096, 210, 1215, 53.48, 26
2026/09/13 20:40:13.125, 210, 1215, 53.48, 26
2026/09/13 20:40:14.154, 210, 1215, 53.53, 26
2026/09/13 20:40:15.183, 210, 1215, 53.48, 26
2026/09/13 20:40:16.212, 210, 1215, 53.48, 26
2026/09/13 20:40:17.241, 210, 1215, 53.48, 26
2026/09/13 20:40:18.271, 210, 1215, 53.48, 26
2026/09/13 20:40:19.300, 210, 1215, 53.48, 26
2026/09/13 20:40:20.329, 210, 1215, 53.53, 26
2026/09/13 20:40:21.358, 210, 1215, 53.48, 26
2026/09/13 20:40:22.387, 210, 1215, 53.48, 26
2026/09/13 20:40:23.416, 210, 1215, 53.48, 26
2026/09/13 20:40:24.444, 210, 1215, 53.48, 26
2026/09/13 20:40:25.475, 210, 1215, 53.48, 26
2026/09/13 20:40:26.505, 210, 1215, 53.48, 26
2026/09/13 20:40:27.534, 210, 1215, 53.48, 26
2026/09/13 20:40:28.568, 210, 1215, 53.48, 26
2026/09/13 20:40:29.596, 210, 1215, 53.48, 26
2026/09/13 20:40:30.625, 210, 1215, 53.48, 26
2026/09/13 20:40:31.653, 210, 1215, 53.48, 26
2026/09/13 20:40:32.681, 210, 1215, 53.48, 26
2026/09/13 20:40:33.710, 210, 1215, 53.48, 26
2026/09/13 20:40:34.738, 210, 1215, 53.48, 26
2026/09/13 20:40:35.771, 210, 1215, 53.48, 26
2026/09/13 20:40:36.799, 210, 1215, 53.48, 27
2026/09/13 20:40:37.827, 210, 1215, 53.48, 27
2026/09/13 20:40:38.856, 210, 1215, 53.48, 27
2026/09/13 20:40:39.885, 210, 1215, 53.48, 27
2026/09/13 20:40:40.913, 210, 1215, 53.48, 27
2026/09/13 20:40:41.941, 210, 1215, 53.48, 27
2026/09/13 20:40:42.973, 210, 1215, 53.48, 27
2026/09/13 20:40:44.001, 210, 1215, 53.48, 27
2026/09/13 20:40:45.030, 210, 1215, 53.48, 27
2026/09/13 20:40:46.059, 210, 1215, 53.48, 27
2026/09/13 20:40:47.087, 210, 1215, 53.48, 27
2026/09/13 20:40:48.115, 210, 1215, 53.48, 27
2026/09/13 20:40:49.144, 210, 1215, 53.48, 27
2026/09/13 20:40:50.177, 210, 1215, 53.48, 27
2026/09/13 20:40:51.208, 210, 1215, 53.48, 27
2026/09/13 20:40:52.238, 210, 1215, 53.48, 27
2026/09/13 20:40:53.267, 210, 1215, 53.48, 27
2026/09/13 20:40:54.296, 210, 1215, 53.48, 27
2026/09/13 20:40:55.326, 210, 1215, 53.48, 27
2026/09/13 20:40:56.359, 210, 1215, 53.48, 27
2026/09/13 20:40:57.388, 210, 1215, 53.48, 27
2026/09/13 20:40:58.416, 210, 1215, 53.48, 27
2026/09/13 20:40:59.444, 210, 1215, 53.48, 27
2026/09/13 20:41:00.480, 210, 1215, 53.48, 27
2026/09/13 20:41:01.509, 210, 1215, 53.48, 27
2026/09/13 20:41:02.538, 210, 1215, 53.48, 27
2026/09/13 20:41:03.567, 210, 1215, 53.48, 27
2026/09/13 20:41:04.597, 210, 1215, 53.48, 27
2026/09/13 20:41:05.631, 210, 1215, 53.48, 27
2026/09/13 20:41:06.663, 210, 1215, 53.48, 27
2026/09/13 20:41:07.692, 210, 1215, 53.48, 27
2026/09/13 20:41:08.721, 210, 1215, 53.48, 27
2026/09/13 20:41:09.750, 210, 1215, 53.48, 27
2026/09/13 20:41:10.782, 210, 1215, 53.48, 27
2026/09/13 20:41:11.810, 210, 1215, 53.48, 27
2026/09/13 20:41:12.838, 210, 1215, 53.48, 27
2026/09/13 20:41:13.868, 210, 1215, 53.48, 27
2026/09/13 20:41:14.897, 210, 1215, 53.48, 27
2026/09/13 20:41:15.926, 210, 1215, 53.48, 27
2026/09/13 20:41:16.955, 210, 1215, 53.48, 27
2026/09/13 20:41:17.987, 210, 1215, 53.48, 27
2026/09/13 20:41:19.020, 210, 1215, 53.48, 27
2026/09/13 20:41:20.048, 210, 1215, 53.48, 27
2026/09/13 20:41:21.081, 210, 1215, 53.48, 27
2026/09/13 20:41:22.110, 210, 1215, 53.48, 27
2026/09/13 20:41:23.138, 210, 1215, 53.48, 27
2026/09/13 20:41:24.167, 210, 1215, 53.48, 27
2026/09/13 20:41:25.195, 210, 1215, 53.48, 27
2026/09/13 20:41:26.224, 210, 1215, 53.48, 27
2026/09/13 20:41:27.252, 210, 1215, 53.48, 27
2026/09/13 20:41:28.285, 210, 1215, 53.48, 27
2026/09/13 20:41:29.313, 210, 1215, 53.48, 27
2026/09/13 20:41:30.342, 210, 1215, 53.48, 27
2026/09/13 20:41:31.371, 210, 1215, 53.48, 27
2026/09/13 20:41:32.399, 210, 1215, 53.48, 27
2026/09/13 20:41:33.428, 210, 1215, 53.48, 27
2026/09/13 20:41:34.456, 210, 1215, 53.48, 26
2026/09/13 20:41:35.491, 210, 1215, 53.48, 26
2026/09/13 20:41:36.519, 210, 1215, 53.48, 26
2026/09/13 20:41:37.547, 210, 1215, 53.48, 26
2026/09/13 20:41:38.576, 210, 1215, 53.48, 26
2026/09/13 20:41:39.604, 210, 1215, 53.48, 26
2026/09/13 20:41:40.633, 210, 1215, 53.48, 26
2026/09/13 20:41:41.662, 210, 1215, 53.48, 26
2026/09/13 20:41:42.694, 210, 1215, 53.48, 26
2026/09/13 20:41:43.723, 210, 1215, 53.48, 26
2026/09/13 20:41:44.751, 210, 1215, 53.48, 26
2026/09/13 20:41:45.780, 210, 1215, 53.48, 26
2026/09/13 20:41:46.809, 210, 1215, 53.48, 26
2026/09/13 20:41:47.839, 210, 1215, 53.48, 26
2026/09/13 20:41:48.937, 210, 1215, 53.48, 26
2026/09/13 20:41:50.065, 210, 1215, 53.53, 26
2026/09/13 20:41:51.101, 210, 1215, 53.48, 26
2026/09/13 20:41:52.129, 210, 1215, 53.48, 26
2026/09/13 20:41:53.157, 210, 1215, 53.48, 26
2026/09/13 20:41:54.190, 210, 1215, 53.48, 26
2026/09/13 20:41:55.221, 210, 1215, 53.48, 26
2026/09/13 20:41:56.251, 210, 1215, 53.48, 26
2026/09/13 20:41:57.306, 210, 1215, 53.53, 26
2026/09/13 20:41:58.382, 1095, 1215, 63.16, 26
2026/09/13 20:41:59.410, 1410, 1215, 82.15, 27
2026/09/13 20:42:00.437, 1410, 1215, 74.54, 31
2026/09/13 20:42:01.465, 1410, 1215, 326.25, 40
2026/09/13 20:42:02.496, 1410, 1215, 318.37, 41
2026/09/13 20:42:03.524, 1410, 1215, 318.64, 42
2026/09/13 20:42:04.551, 1410, 1215, 331.51, 43
2026/09/13 20:42:05.579, 1410, 1215, 305.83, 44
2026/09/13 20:42:06.607, 1410, 1215, 333.85, 45
2026/09/13 20:42:07.633, 1410, 1215, 341.99, 45
2026/09/13 20:42:08.660, 1410, 1215, 296.50, 45
2026/09/13 20:42:09.692, 1410, 1215, 393.67, 47
2026/09/13 20:42:10.719, 1410, 1215, 365.33, 48
2026/09/13 20:42:11.749, 1410, 1215, 374.67, 48
2026/09/13 20:42:12.778, 1410, 1215, 83.02, 35
2026/09/13 20:42:13.805, 1410, 1215, 309.04, 43
2026/09/13 20:42:14.832, 1410, 1215, 311.97, 46
2026/09/13 20:42:15.859, 1410, 1215, 325.65, 47
2026/09/13 20:42:16.886, 1410, 1215, 328.86, 48
2026/09/13 20:42:17.914, 1410, 1215, 332.98, 48
2026/09/13 20:42:18.941, 1410, 1215, 344.65, 50
2026/09/13 20:42:19.968, 1410, 1215, 333.25, 50
2026/09/13 20:42:20.997, 1410, 1215, 327.98, 51
2026/09/13 20:42:22.023, 1410, 1215, 378.20, 51
2026/09/13 20:42:23.050, 1410, 1215, 392.81, 51
2026/09/13 20:42:24.080, 1410, 1215, 370.93, 52
2026/09/13 20:42:25.108, 1410, 1215, 84.22, 43
2026/09/13 20:42:26.136, 1410, 1215, 90.91, 38
2026/09/13 20:42:27.164, 1410, 1215, 320.98, 49
2026/09/13 20:42:28.239, 1410, 1215, 330.64, 50
2026/09/13 20:42:29.266, 1410, 1215, 325.11, 51
2026/09/13 20:42:30.293, 1410, 1215, 330.04, 52
2026/09/13 20:42:31.322, 1410, 1215, 324.18, 52
2026/09/13 20:42:32.349, 1410, 1215, 325.11, 53
2026/09/13 20:42:33.376, 1410, 1215, 350.19, 53
2026/09/13 20:42:34.403, 1410, 1215, 350.19, 52
2026/09/13 20:42:35.433, 1410, 1215, 346.11, 54
2026/09/13 20:42:36.461, 1410, 1215, 370.60, 54
2026/09/13 20:42:37.488, 1410, 1215, 397.75, 55
2026/09/13 20:42:38.519, 1410, 1215, 93.85, 42
2026/09/13 20:42:39.546, 1410, 1215, 315.44, 50
2026/09/13 20:42:40.574, 1410, 1215, 319.52, 52
2026/09/13 20:42:41.602, 1410, 1215, 325.38, 53
2026/09/13 20:42:42.629, 1410, 1215, 335.58, 53
2026/09/13 20:42:43.656, 1410, 1215, 341.72, 54
2026/09/13 20:42:44.683, 1410, 1215, 342.59, 54
2026/09/13 20:42:45.730, 1410, 1215, 351.65, 55
2026/09/13 20:42:46.757, 1410, 1215, 332.38, 55
2026/09/13 20:42:47.784, 1410, 1215, 370.01, 56
2026/09/13 20:42:48.811, 1395, 1215, 364.79, 56
2026/09/13 20:42:49.843, 1395, 1215, 402.15, 56
2026/09/13 20:42:50.873, 1410, 1215, 96.19, 45
2026/09/13 20:42:51.900, 1410, 1215, 84.76, 45
2026/09/13 20:42:52.927, 1410, 1215, 319.24, 53
2026/09/13 20:42:53.955, 1410, 1215, 331.51, 54
2026/09/13 20:42:54.982, 1410, 1215, 334.45, 55
2026/09/13 20:42:56.008, 1410, 1215, 329.77, 55
2026/09/13 20:42:57.039, 1410, 1215, 344.05, 55
2026/09/13 20:42:58.067, 1410, 1215, 329.45, 56
2026/09/13 20:42:59.094, 1410, 1215, 336.18, 56
2026/09/13 20:43:00.125, 1395, 1215, 411.33, 56
2026/09/13 20:43:01.153, 1395, 1215, 390.94, 57
2026/09/13 20:43:02.182, 1380, 1215, 383.15, 57
2026/09/13 20:43:03.210, 1395, 1215, 403.28, 57
2026/09/13 20:43:04.243, 1410, 1215, 101.47, 43
2026/09/13 20:43:05.269, 1410, 1215, 307.84, 51
2026/09/13 20:43:06.297, 1410, 1215, 329.18, 54
2026/09/13 20:43:07.325, 1410, 1215, 327.98, 54
2026/09/13 20:43:08.355, 1410, 1215, 336.45, 55
2026/09/13 20:43:09.383, 1410, 1215, 333.58, 55
2026/09/13 20:43:10.411, 1410, 1215, 337.05, 56
2026/09/13 20:43:11.439, 1410, 1215, 332.11, 56
2026/09/13 20:43:12.467, 1410, 1215, 331.79, 56
2026/09/13 20:43:13.495, 1410, 1215, 398.35, 56
2026/09/13 20:43:14.523, 1410, 1215, 394.73, 57
2026/09/13 20:43:15.553, 1410, 1215, 374.40, 57
2026/09/13 20:43:16.581, 1410, 1215, 85.36, 47
2026/09/13 20:43:17.608, 1410, 1215, 80.88, 42
2026/09/13 20:43:18.635, 1095, 1215, 62.84, 40
2026/09/13 20:43:19.663, 1410, 1215, 79.54, 40
2026/09/13 20:43:20.689, 1410, 1215, 78.94, 39
2026/09/13 20:43:21.715, 225, 1215, 56.69, 38
2026/09/13 20:43:22.743, 210, 1215, 56.42, 37
2026/09/13 20:43:23.771, 210, 1215, 56.42, 37
2026/09/13 20:43:24.800, 210, 1215, 56.14, 36
2026/09/13 20:43:25.828, 210, 1215, 56.14, 36
2026/09/13 20:43:26.865, 210, 1215, 55.82, 35
2026/09/13 20:43:27.893, 210, 1215, 55.82, 35
2026/09/13 20:43:28.921, 210, 1215, 55.55, 34
2026/09/13 20:43:30.002, 210, 1215, 55.55, 34
2026/09/13 20:43:31.030, 210, 1215, 55.55, 34
2026/09/13 20:43:32.058, 210, 1215, 55.22, 33
2026/09/13 20:43:33.088, 210, 1215, 55.22, 33
2026/09/13 20:43:34.117, 210, 1215, 55.22, 33
2026/09/13 20:43:35.146, 210, 1215, 54.95, 33
2026/09/13 20:43:36.175, 210, 1215, 54.95, 32
2026/09/13 20:43:37.207, 210, 1215, 54.95, 32
2026/09/13 20:43:38.236, 210, 1215, 54.95, 32
2026/09/13 20:43:39.266, 210, 1215, 54.68, 32
2026/09/13 20:43:40.295, 210, 1215, 54.68, 32
2026/09/13 20:43:41.323, 210, 1215, 54.68, 31
2026/09/13 20:43:42.352, 210, 1215, 54.68, 31
2026/09/13 20:43:43.381, 210, 1215, 54.35, 31
2026/09/13 20:43:44.477, 210, 1215, 54.35, 31
2026/09/13 20:43:45.508, 210, 1215, 54.35, 31
2026/09/13 20:43:46.537, 210, 1215, 54.35, 31
2026/09/13 20:43:47.566, 210, 1215, 54.35, 30
2026/09/13 20:43:48.597, 210, 1215, 54.35, 30
2026/09/13 20:43:49.626, 210, 1215, 54.35, 30
2026/09/13 20:43:50.655, 210, 1215, 54.35, 30
2026/09/13 20:43:51.684, 210, 1215, 54.35, 30
2026/09/13 20:43:52.713, 210, 1215, 54.08, 30
2026/09/13 20:43:53.742, 210, 1215, 54.08, 30
2026/09/13 20:43:54.771, 210, 1215, 54.08, 30
2026/09/13 20:43:55.802, 210, 1215, 54.08, 30
2026/09/13 20:43:56.831, 210, 1215, 54.08, 29
2026/09/13 20:43:57.860, 210, 1215, 54.35, 29
2026/09/13 20:43:58.890, 210, 1215, 54.35, 29
2026/09/13 20:43:59.919, 210, 1215, 54.35, 29
2026/09/13 20:44:00.948, 210, 1215, 54.35, 29
2026/09/13 20:44:01.977, 210, 1215, 54.35, 29
2026/09/13 20:44:03.011, 210, 1215, 54.08, 29
2026/09/13 20:44:04.040, 210, 1215, 54.35, 29
2026/09/13 20:44:05.069, 210, 1215, 54.08, 29
2026/09/13 20:44:06.135, 210, 1215, 54.95, 29
2026/09/13 20:44:07.164, 210, 1215, 54.08, 29
2026/09/13 20:44:08.197, 210, 1215, 54.08, 29
2026/09/13 20:44:09.226, 210, 1215, 54.08, 29
2026/09/13 20:44:10.255, 210, 1215, 54.08, 29
2026/09/13 20:44:11.284, 210, 1215, 54.08, 28
2026/09/13 20:44:12.316, 210, 1215, 54.08, 28
2026/09/13 20:44:13.345, 210, 1215, 54.08, 28
2026/09/13 20:44:14.375, 210, 1215, 54.08, 28
2026/09/13 20:44:15.403, 210, 1215, 54.08, 28
2026/09/13 20:44:16.432, 210, 1215, 54.14, 28
2026/09/13 20:44:17.461, 210, 1215, 54.08, 28
2026/09/13 20:44:18.490, 210, 1215, 54.08, 28
2026/09/13 20:44:19.522, 210, 1215, 54.08, 28
2026/09/13 20:44:20.551, 210, 1215, 54.08, 28
2026/09/13 20:44:21.580, 210, 1215, 54.08, 28
2026/09/13 20:44:22.614, 210, 1215, 53.81, 28
2026/09/13 20:44:23.643, 210, 1215, 54.08, 28
2026/09/13 20:44:24.672, 210, 1215, 53.81, 28
2026/09/13 20:44:25.700, 210, 1215, 53.81, 28
2026/09/13 20:44:26.729, 210, 1215, 54.08, 28
2026/09/13 20:44:27.759, 210, 1215, 53.81, 28
2026/09/13 20:44:28.788, 210, 1215, 54.08, 28
2026/09/13 20:44:29.822, 210, 1215, 53.81, 28
2026/09/13 20:44:30.852, 210, 1215, 53.81, 28
2026/09/13 20:44:31.881, 210, 1215, 53.81, 28
2026/09/13 20:44:32.913, 210, 1215, 54.08, 28
2026/09/13 20:44:33.943, 210, 1215, 53.81, 28
2026/09/13 20:44:34.972, 210, 1215, 53.81, 28
2026/09/13 20:44:36.003, 210, 1215, 54.08, 28
2026/09/13 20:44:37.031, 210, 1215, 53.81, 28
2026/09/13 20:44:38.059, 210, 1215, 53.81, 28
2026/09/13 20:44:39.088, 210, 1215, 53.81, 28
2026/09/13 20:44:40.120, 210, 1215, 53.81, 28
2026/09/13 20:44:41.149, 210, 1215, 53.81, 27
2026/09/13 20:44:42.178, 210, 1215, 53.81, 27
2026/09/13 20:44:43.208, 210, 1215, 53.81, 27
2026/09/13 20:44:44.237, 210, 1215, 53.81, 27
2026/09/13 20:44:45.270, 210, 1215, 53.81, 27
2026/09/13 20:44:46.297, 210, 1215, 53.81, 27
2026/09/13 20:44:47.326, 210, 1215, 53.81, 27
2026/09/13 20:44:48.353, 210, 1215, 53.81, 27
2026/09/13 20:44:49.381, 210, 1215, 53.81, 27
2026/09/13 20:44:50.410, 210, 1215, 53.81, 27
2026/09/13 20:44:51.437, 210, 1215, 53.81, 27
2026/09/13 20:44:52.465, 210, 1215, 53.81, 27
2026/09/13 20:44:53.492, 210, 1215, 53.81, 27
2026/09/13 20:44:54.524, 210, 1215, 53.81, 27
2026/09/13 20:44:55.551, 210, 1215, 53.81, 27
2026/09/13 20:44:56.579, 210, 1215, 53.81, 27
2026/09/13 20:44:57.607, 210, 1215, 53.81, 27
2026/09/13 20:44:58.635, 210, 1215, 53.81, 27
2026/09/13 20:44:59.663, 210, 1215, 53.48, 27
2026/09/13 20:45:00.690, 210, 1215, 53.81, 27
2026/09/13 20:45:01.722, 210, 1215, 53.81, 27
2026/09/13 20:45:02.750, 210, 1215, 53.81, 27
2026/09/13 20:45:03.778, 210, 1215, 53.48, 27
2026/09/13 20:45:04.810, 210, 1215, 53.48, 27
2026/09/13 20:45:05.838, 210, 1215, 53.53, 27
2026/09/13 20:45:06.866, 210, 1215, 53.48, 27
2026/09/13 20:45:07.893, 210, 1215, 53.81, 27
2026/09/13 20:45:08.925, 210, 1215, 53.48, 27
2026/09/13 20:45:09.953, 210, 1215, 53.48, 27
2026/09/13 20:45:10.981, 210, 1215, 53.48, 27
2026/09/13 20:45:12.010, 210, 1215, 53.48, 27
2026/09/13 20:45:13.039, 210, 1215, 53.48, 27
2026/09/13 20:45:14.070, 210, 1215, 53.48, 27
2026/09/13 20:45:15.101, 210, 1215, 53.48, 27
2026/09/13 20:45:16.146, 210, 1215, 53.48, 27
2026/09/13 20:45:17.212, 210, 1215, 53.48, 27
2026/09/13 20:45:18.241, 210, 1215, 53.48, 27
2026/09/13 20:45:19.271, 210, 1215, 53.48, 27
2026/09/13 20:45:20.300, 210, 1215, 53.48, 27
2026/09/13 20:45:21.343, 210, 1215, 53.48, 27
2026/09/13 20:45:22.390, 210, 1215, 53.48, 27
2026/09/13 20:45:23.449, 210, 1215, 53.48, 27
2026/09/13 20:45:24.526, 210, 1215, 53.48, 27
2026/09/13 20:45:25.583, 1095, 1215, 60.22, 27
2026/09/13 20:45:26.612, 1410, 1215, 80.68, 28
2026/09/13 20:45:27.639, 1410, 1215, 313.43, 38
2026/09/13 20:45:28.667, 1410, 1215, 311.37, 40
2026/09/13 20:45:29.696, 1410, 1215, 316.97, 42
2026/09/13 20:45:30.727, 1410, 1215, 317.50, 43
2026/09/13 20:45:31.755, 1410, 1215, 330.91, 44
2026/09/13 20:45:32.783, 1410, 1215, 338.52, 45
2026/09/13 20:45:33.812, 1410, 1215, 337.65, 46
2026/09/13 20:45:34.840, 1410, 1215, 342.59, 46
2026/09/13 20:45:35.868, 1410, 1215, 343.18, 47
2026/09/13 20:45:36.896, 1410, 1215, 365.93, 48
2026/09/13 20:45:37.926, 1410, 1215, 380.81, 48
2026/09/13 20:45:38.953, 1410, 1215, 80.08, 37
2026/09/13 20:45:39.979, 1410, 1215, 78.62, 34
2026/09/13 20:45:41.006, 1095, 1215, 61.10, 33
2026/09/13 20:45:42.036, 1095, 1215, 60.83, 32
2026/09/13 20:45:43.065, 1410, 1215, 80.41, 32
2026/09/13 20:45:44.093, 1410, 1215, 77.47, 32
2026/09/13 20:45:45.122, 285, 1215, 55.55, 32
2026/09/13 20:45:46.151, 210, 1215, 54.35, 31
2026/09/13 20:45:47.180, 210, 1215, 54.35, 31
2026/09/13 20:45:48.208, 210, 1215, 54.35, 30
2026/09/13 20:45:49.242, 210, 1215, 54.35, 30
2026/09/13 20:45:50.271, 210, 1215, 54.08, 30
2026/09/13 20:45:51.300, 210, 1215, 54.08, 30
2026/09/13 20:45:52.329, 210, 1215, 54.35, 30
2026/09/13 20:45:53.357, 210, 1215, 54.35, 30
2026/09/13 20:45:54.387, 210, 1215, 54.35, 29
2026/09/13 20:45:55.416, 210, 1215, 54.35, 29
2026/09/13 20:45:56.450, 210, 1215, 54.35, 29
2026/09/13 20:45:57.478, 210, 1215, 54.35, 29
2026/09/13 20:45:58.507, 210, 1215, 54.35, 29
2026/09/13 20:45:59.537, 210, 1215, 54.08, 29
2026/09/13 20:46:00.566, 210, 1215, 54.08, 29
2026/09/13 20:46:01.596, 210, 1215, 54.08, 29
2026/09/13 20:46:02.628, 210, 1215, 54.08, 29
2026/09/13 20:46:03.656, 210, 1215, 54.08, 28
2026/09/13 20:46:04.685, 210, 1215, 54.08, 28
2026/09/13 20:46:05.714, 210, 1215, 54.08, 28
2026/09/13 20:46:06.746, 210, 1215, 54.08, 28
2026/09/13 20:46:07.775, 210, 1215, 54.08, 28
2026/09/13 20:46:08.803, 210, 1215, 53.81, 28
2026/09/13 20:46:09.832, 210, 1215, 54.08, 28
2026/09/13 20:46:10.861, 210, 1215, 53.81, 28
2026/09/13 20:46:11.889, 210, 1215, 53.81, 28
2026/09/13 20:46:12.918, 210, 1215, 53.81, 28
2026/09/13 20:46:13.953, 210, 1215, 53.81, 28
2026/09/13 20:46:14.982, 210, 1215, 53.81, 28
2026/09/13 20:46:16.010, 210, 1215, 53.81, 28
2026/09/13 20:46:17.042, 210, 1215, 53.81, 28
2026/09/13 20:46:18.071, 210, 1215, 53.81, 28
2026/09/13 20:46:19.100, 210, 1215, 53.81, 27
2026/09/13 20:46:20.131, 210, 1215, 53.81, 27
2026/09/13 20:46:21.161, 210, 1215, 53.81, 27
2026/09/13 20:46:22.190, 210, 1215, 53.81, 27
2026/09/13 20:46:23.219, 210, 1215, 53.87, 27
2026/09/13 20:46:24.250, 210, 1215, 53.81, 27
2026/09/13 20:46:25.279, 210, 1215, 53.81, 27
2026/09/13 20:46:26.307, 210, 1215, 53.81, 27
2026/09/13 20:46:27.336, 210, 1215, 53.81, 27
2026/09/13 20:46:28.365, 210, 1215, 53.87, 27
2026/09/13 20:46:29.395, 210, 1215, 53.81, 27
2026/09/13 20:46:30.497, 210, 1215, 54.35, 27
2026/09/13 20:46:31.527, 210, 1215, 53.87, 27
2026/09/13 20:46:32.556, 210, 1215, 53.81, 27
2026/09/13 20:46:33.585, 210, 1215, 53.48, 27
2026/09/13 20:46:34.613, 210, 1215, 53.81, 27
2026/09/13 20:46:35.644, 210, 1215, 53.81, 27
2026/09/13 20:46:36.674, 210, 1215, 53.48, 27
2026/09/13 20:46:37.704, 210, 1215, 53.48, 27
2026/09/13 20:46:38.736, 210, 1215, 53.81, 27
2026/09/13 20:46:39.764, 210, 1215, 53.81, 27
2026/09/13 20:46:40.794, 210, 1215, 53.48, 27
2026/09/13 20:46:41.824, 210, 1215, 53.48, 27
2026/09/13 20:46:42.858, 210, 1215, 53.48, 27
2026/09/13 20:46:43.888, 210, 1215, 53.48, 27
2026/09/13 20:46:44.918, 210, 1215, 53.81, 27
2026/09/13 20:46:45.952, 210, 1215, 53.48, 27
2026/09/13 20:46:46.982, 210, 1215, 53.48, 27
2026/09/13 20:46:48.011, 210, 1215, 53.48, 27
2026/09/13 20:46:49.041, 210, 1215, 53.48, 27
2026/09/13 20:46:50.069, 210, 1215, 53.48, 27
2026/09/13 20:46:51.098, 210, 1215, 53.48, 27
2026/09/13 20:46:52.128, 210, 1215, 53.48, 27
2026/09/13 20:46:53.161, 210, 1215, 53.48, 27
2026/09/13 20:46:54.191, 210, 1215, 53.53, 27
2026/09/13 20:46:55.221, 210, 1215, 53.48, 27
2026/09/13 20:46:56.256, 210, 1215, 53.48, 27
2026/09/13 20:46:57.285, 210, 1215, 53.48, 27
2026/09/13 20:46:58.314, 210, 1215, 53.48, 27
2026/09/13 20:46:59.342, 210, 1215, 53.48, 27
2026/09/13 20:47:00.371, 210, 1215, 53.48, 26
2026/09/13 20:47:01.400, 210, 1215, 53.48, 26
2026/09/13 20:47:02.429, 210, 1215, 53.48, 26
2026/09/13 20:47:03.461, 210, 1215, 53.48, 26
2026/09/13 20:47:04.490, 210, 1215, 53.48, 26
2026/09/13 20:47:05.520, 210, 1215, 53.48, 26
2026/09/13 20:47:06.552, 210, 1215, 53.53, 26
2026/09/13 20:47:07.583, 210, 1215, 53.48, 26
2026/09/13 20:47:08.612, 210, 1215, 53.53, 26
2026/09/13 20:47:09.641, 210, 1215, 53.48, 26
2026/09/13 20:47:10.669, 210, 1215, 53.48, 26
2026/09/13 20:47:11.697, 210, 1215, 53.48, 26
2026/09/13 20:47:12.725, 210, 1215, 53.48, 26
2026/09/13 20:47:13.758, 210, 1215, 53.48, 26
2026/09/13 20:47:14.785, 210, 1215, 53.53, 26
2026/09/13 20:47:15.813, 210, 1215, 53.48, 26
2026/09/13 20:47:16.842, 210, 1215, 53.53, 26
2026/09/13 20:47:17.869, 210, 1215, 53.48, 26
2026/09/13 20:47:18.897, 210, 1215, 53.48, 26
2026/09/13 20:47:19.925, 210, 1215, 53.48, 26
2026/09/13 20:47:20.957, 210, 1215, 53.48, 26
2026/09/13 20:47:21.985, 210, 1215, 53.48, 26
2026/09/13 20:47:23.013, 210, 1215, 53.53, 26
2026/09/13 20:47:24.044, 210, 1215, 53.48, 26
2026/09/13 20:47:25.072, 210, 1215, 53.48, 26
2026/09/13 20:47:26.101, 210, 1215, 53.48, 26
2026/09/13 20:47:27.128, 210, 1215, 53.48, 26
2026/09/13 20:47:28.160, 210, 1215, 53.48, 26
2026/09/13 20:47:29.187, 210, 1215, 53.48, 26
2026/09/13 20:47:30.215, 210, 1215, 53.48, 26
2026/09/13 20:47:31.246, 210, 1215, 53.48, 26
2026/09/13 20:47:32.274, 210, 1215, 53.48, 26
2026/09/13 20:47:33.302, 210, 1215, 53.48, 26
2026/09/13 20:47:34.329, 210, 1215, 53.48, 26
2026/09/13 20:47:35.361, 210, 1215, 53.48, 26
2026/09/13 20:47:36.389, 210, 1215, 53.48, 26
2026/09/13 20:47:37.417, 210, 1215, 53.48, 26
2026/09/13 20:47:38.446, 210, 1215, 53.48, 26
2026/09/13 20:47:39.550, 210, 1215, 53.48, 26
2026/09/13 20:47:40.681, 210, 1215, 53.48, 26
2026/09/13 20:47:41.748, 210, 1215, 53.48, 26
2026/09/13 20:47:42.776, 210, 1215, 53.48, 26
2026/09/13 20:47:43.804, 210, 1215, 53.48, 26
2026/09/13 20:47:44.832, 210, 1215, 53.48, 26
2026/09/13 20:47:45.897, 210, 1215, 53.48, 27
2026/09/13 20:47:46.937, 210, 1215, 53.48, 27
2026/09/13 20:47:47.985, 210, 1215, 53.48, 27
2026/09/13 20:47:49.045, 1095, 1215, 53.48, 27
2026/09/13 20:47:50.074, 1095, 1215, 69.26, 27
2026/09/13 20:47:51.101, 1410, 1215, 77.47, 33
2026/09/13 20:47:52.128, 1410, 1215, 297.96, 40
2026/09/13 20:47:53.154, 1410, 1215, 316.04, 42
2026/09/13 20:47:54.181, 1410, 1215, 323.11, 43
2026/09/13 20:47:55.207, 1410, 1215, 331.18, 44
2026/09/13 20:47:56.233, 1410, 1215, 316.64, 45
2026/09/13 20:47:57.262, 1410, 1215, 332.99, 45
2026/09/13 20:47:58.341, 1410, 1215, 332.38, 47
2026/09/13 20:47:59.370, 1410, 1215, 369.14, 47
2026/09/13 20:48:00.397, 1395, 1215, 358.93, 48
2026/09/13 20:48:01.424, 1410, 1215, 374.67, 49
2026/09/13 20:48:02.452, 1410, 1215, 391.94, 50
2026/09/13 20:48:03.478, 1410, 1215, 76.60, 35
2026/09/13 20:48:04.505, 1095, 1215, 60.83, 34
2026/09/13 20:48:05.532, 1095, 1215, 60.22, 33
2026/09/13 20:48:06.634, 1095, 1215, 61.37, 33
2026/09/13 20:48:07.663, 1410, 1215, 75.40, 33
