prompt,original_prompt,Object 1,Object 2,temp_object,static_object,control_signal1,control_signal2
"The video begins with a serene view centered on the bird, with no sign of the cat. In the second half, the cat unexpectedly appears, altering the dynamic of the scene.",a bird and a cat,bird,cat,cat,bird,0 0 0 0 0 0 0 0 0 0 1 1 1 1 1 1 1 1 1 1 1,1 1 1 1 1 1 1 1 1 1 1 1 1 1 1 1 1 1 1 1 1
"The video begins with a serene view centered on the sheep, with no sign of the horse. In the second half, the horse unexpectedly appears, altering the dynamic of the scene.",a horse and a sheep,horse,sheep,horse,sheep,0 0 0 0 0 0 0 0 0 0 1 1 1 1 1 1 1 1 1 1 1,1 1 1 1 1 1 1 1 1 1 1 1 1 1 1 1 1 1 1 1 1
"The video begins with a serene view centered on the sheep, with no sign of the cow. In the second half, the cow unexpectedly appears, altering the dynamic of the scene.",a sheep and a cow,sheep,cow,cow,sheep,0 0 0 0 0 0 0 0 0 0 1 1 1 1 1 1 1 1 1 1 1,1 1 1 1 1 1 1 1 1 1 1 1 1 1 1 1 1 1 1 1 1
"The video begins with a serene view centered on the cow, with no sign of the elephant. In the second half, the elephant unexpectedly appears, altering the dynamic of the scene.",a cow and an elephant,cow,elephant,elephant,cow,0 0 0 0 0 0 0 0 0 0 1 1 1 1 1 1 1 1 1 1 1,1 1 1 1 1 1 1 1 1 1 1 1 1 1 1 1 1 1 1 1 1
"The video begins with a serene view centered on the elephant, with no sign of the bear. In the second half, the bear unexpectedly appears, altering the dynamic of the scene.",an elephant and a bear,elephant,bear,bear,elephant,0 0 0 0 0 0 0 0 0 0 1 1 1 1 1 1 1 1 1 1 1,1 1 1 1 1 1 1 1 1 1 1 1 1 1 1 1 1 1 1 1 1
"The video begins with a serene view centered on the bear, with no sign of the zebra. In the second half, the zebra unexpectedly appears, altering the dynamic of the scene.",a bear and a zebra,bear,zebra,zebra,bear,0 0 0 0 0 0 0 0 0 0 1 1 1 1 1 1 1 1 1 1 1,1 1 1 1 1 1 1 1 1 1 1 1 1 1 1 1 1 1 1 1 1
"The video begins with a serene view centered on the giraffe, with no sign of the zebra. In the second half, the zebra unexpectedly appears, altering the dynamic of the scene.",a zebra and a giraffe,zebra,giraffe,zebra,giraffe,0 0 0 0 0 0 0 0 0 0 1 1 1 1 1 1 1 1 1 1 1,1 1 1 1 1 1 1 1 1 1 1 1 1 1 1 1 1 1 1 1 1
"The video begins with a serene view centered on the giraffe, with no sign of the bird. In the second half, the bird unexpectedly appears, altering the dynamic of the scene.",a giraffe and a bird,giraffe,bird,bird,giraffe,0 0 0 0 0 0 0 0 0 0 1 1 1 1 1 1 1 1 1 1 1,1 1 1 1 1 1 1 1 1 1 1 1 1 1 1 1 1 1 1 1 1
"The video begins with a serene view centered on the chair, with no sign of the couch. In the second half, the couch unexpectedly appears, altering the dynamic of the scene.",a chair and a couch,chair,couch,couch,chair,0 0 0 0 0 0 0 0 0 0 1 1 1 1 1 1 1 1 1 1 1,1 1 1 1 1 1 1 1 1 1 1 1 1 1 1 1 1 1 1 1 1
"The video begins with a serene view centered on the potted plant, with no sign of the couch. In the second half, the couch unexpectedly appears, altering the dynamic of the scene.",a couch and a potted plant,couch,potted plant,couch,potted plant,0 0 0 0 0 0 0 0 0 0 1 1 1 1 1 1 1 1 1 1 1,1 1 1 1 1 1 1 1 1 1 1 1 1 1 1 1 1 1 1 1 1
"The video begins with a serene view centered on the laptop, with no sign of the TV. In the second half, the TV unexpectedly appears, altering the dynamic of the scene.",a tv and a laptop,TV,laptop,TV,laptop,0 0 0 0 0 0 0 0 0 0 1 1 1 1 1 1 1 1 1 1 1,1 1 1 1 1 1 1 1 1 1 1 1 1 1 1 1 1 1 1 1 1
"The video begins with a serene view centered on the clock, with no sign of the book. In the second half, the book unexpectedly appears, altering the dynamic of the scene.",a book and a clock,book,clock,book,clock,0 0 0 0 0 0 0 0 0 0 1 1 1 1 1 1 1 1 1 1 1,1 1 1 1 1 1 1 1 1 1 1 1 1 1 1 1 1 1 1 1 1
"The video begins with a serene view centered on the clock, with no sign of the backpack. In the second half, the backpack unexpectedly appears, altering the dynamic of the scene.",a clock and a backpack,clock,backpack,backpack,clock,0 0 0 0 0 0 0 0 0 0 1 1 1 1 1 1 1 1 1 1 1,1 1 1 1 1 1 1 1 1 1 1 1 1 1 1 1 1 1 1 1 1
"The video begins with a serene view centered on the umbrella, with no sign of the backpack. In the second half, the backpack unexpectedly appears, altering the dynamic of the scene.",a backpack and an umbrella,backpack,umbrella,backpack,umbrella,0 0 0 0 0 0 0 0 0 0 1 1 1 1 1 1 1 1 1 1 1,1 1 1 1 1 1 1 1 1 1 1 1 1 1 1 1 1 1 1 1 1
"The video begins with a serene view centered on the handbag, with no sign of the umbrella. In the second half, the umbrella unexpectedly appears, altering the dynamic of the scene.",an umbrella and a handbag,umbrella,handbag,umbrella,handbag,0 0 0 0 0 0 0 0 0 0 1 1 1 1 1 1 1 1 1 1 1,1 1 1 1 1 1 1 1 1 1 1 1 1 1 1 1 1 1 1 1 1
"The video begins with a serene view centered on the handbag, with no sign of the tie. In the second half, the tie unexpectedly appears, altering the dynamic of the scene.",a handbag and a tie,handbag,tie,tie,handbag,0 0 0 0 0 0 0 0 0 0 1 1 1 1 1 1 1 1 1 1 1,1 1 1 1 1 1 1 1 1 1 1 1 1 1 1 1 1 1 1 1 1
"The video begins with a serene view centered on the suitcase, with no sign of the tie. In the second half, the tie unexpectedly appears, altering the dynamic of the scene.",a tie and a suitcase,tie,suitcase,tie,suitcase,0 0 0 0 0 0 0 0 0 0 1 1 1 1 1 1 1 1 1 1 1,1 1 1 1 1 1 1 1 1 1 1 1 1 1 1 1 1 1 1 1 1
"The video begins with a serene view centered on the vase, with no sign of the suitcase. In the second half, the suitcase unexpectedly appears, altering the dynamic of the scene.",a suitcase and a vase,suitcase,vase,suitcase,vase,0 0 0 0 0 0 0 0 0 0 1 1 1 1 1 1 1 1 1 1 1,1 1 1 1 1 1 1 1 1 1 1 1 1 1 1 1 1 1 1 1 1
"The video begins with a serene view centered on the scissors, with no sign of the vase. In the second half, the vase unexpectedly appears, altering the dynamic of the scene.",a vase and scissors,vase,scissors,vase,scissors,0 0 0 0 0 0 0 0 0 0 1 1 1 1 1 1 1 1 1 1 1,1 1 1 1 1 1 1 1 1 1 1 1 1 1 1 1 1 1 1 1 1
"The video begins with a serene view centered on the scissors, with no sign of the teddy bear. In the second half, the teddy bear unexpectedly appears, altering the dynamic of the scene.",scissors and a teddy bear,scissors,teddy bear,teddy bear,scissors,0 0 0 0 0 0 0 0 0 0 1 1 1 1 1 1 1 1 1 1 1,1 1 1 1 1 1 1 1 1 1 1 1 1 1 1 1 1 1 1 1 1
